,MET_pt,MET_phi,MET_covXX,MET_covXY,MET_covYY,MET_significance,PV_chi2,PV_score,PV_x,PV_y,PV_z,nSV,nJet,nMuon,Jet_eta_bst,Jet_eta_bnd,Jet_pt_bst,Jet_pt_bnd,Jet_phi_bst,Jet_phi_bnd,Jet_mass_bst,Jet_mass_bnd,Jet_area_bst,Jet_area_bnd,Jet_btag_bst,Jet_btag_bnd,Muon_charge_st,Muon_charge_nd,Muon_dxy_st,Muon_dxy_nd,Muon_dz_st,Muon_dz_nd,Muon_eta_st,Muon_eta_nd,Muon_mass_st,Muon_mass_nd,Muon_phi_st,Muon_phi_nd,Muon_pt_st,Muon_pt_nd,GenMET_pt
MET_pt,1.0,-0.000946614823085598,0.25087395045139277,0.028034237771713544,0.2785699121031935,0.8450501596563542,-0.010007140859816058,0.08941282086171215,-0.013051758846646146,0.013794810798334126,0.010572195659051516,0.0789801502366294,0.227780381679466,,-0.025184935323406613,-0.013443468813776577,0.09874193504535357,0.1256908853445786,-0.011851611005579148,0.011841456978616192,0.0781196714024323,0.12014236999392194,0.014522656932602544,-0.00277342201300926,-0.03960700253648583,-0.014854215505625578,0.02162137273733289,0.016619066484358708,0.010415447112358998,0.0038517014414905606,0.016709939242136578,-0.00024228681159275557,-0.0073205775275974345,-0.03771114719635685,-0.03407712285480128,-0.059686391323588536,-0.036580698105385216,-0.02209546617363956,-0.028423570569254167,-0.029872964281269832,0.2597966921000126
MET_phi,-0.000946614823085598,1.0,-0.02988811859408209,-0.018743756064885278,-0.029242743285158284,0.013648668524685971,0.02182415747601937,0.005833451523927541,0.006021171051335769,-0.014086079813781507,0.006618009258078315,0.0314779672853811,-0.017005035056001476,,0.02902920343527039,0.015000120808973989,0.009844288573915708,0.0013460172585594097,0.022016077568381212,0.016645239821171873,-0.001631101166319784,0.016346814921140648,-0.026905014147615376,0.021348819861910794,0.036162362489655285,0.010132076114009105,-0.0233865847203214,0.010747977692218384,0.009132538248656787,0.004378910841281936,-0.0035287742508208313,0.02256764288037217,0.05505737060884009,0.04836258442089256,-0.002607889556880623,-0.011470098224301705,0.016013381468617575,0.001135200834318982,-0.02739472044123235,-0.01509860228532945,0.013169506164173098
MET_covXX,0.25087395045139277,-0.02988811859408209,1.0,-0.1295522673909006,0.8834144969398742,-0.05521695587285193,0.00456496129162893,0.11698696207322021,-0.007326485562423009,-0.00301337114079642,0.012243915223778446,0.206749465312653,0.5116814565326087,,-0.0026803977362422635,0.010961101613956354,0.18039238487378112,0.23154703763635956,0.007741792882930706,0.008719848634205427,0.18965956223953523,0.22113608596672266,-0.014372906473072572,0.02239867877921988,-0.00838052925645529,0.051646126507678955,0.041360597503528204,0.011106006877270447,0.019474437304072195,0.014672566343788884,0.018396453079950678,-0.01661896029044783,-0.007315588965450576,0.0009705746329563994,-0.07754962183284585,-0.0939851231135114,-0.026010639137526832,-0.019245972991602044,-0.03192769109612251,-0.06961799268149854,0.09365714518683388
MET_covXY,0.028034237771713544,-0.018743756064885278,-0.1295522673909006,1.0,-0.05752375953655521,0.02778393746433372,-0.005194109903889832,-0.0818898698723918,-0.006914222228019604,0.012211420166178042,0.015477265542690776,-0.02581292339725062,0.0032144270430442138,,0.020595235313347008,0.006482879334873305,0.03396162873983386,-0.19557498572709545,-0.07295600652611677,-0.044650407905999084,0.027717751313808395,-0.02209366972769518,0.046802908328136564,0.02571130195598504,-0.009735136179115802,-0.018672576521519272,-0.00988795336203858,-0.0009410774698648078,-0.000728790174088553,-0.014091728494429146,-0.014045832738454667,0.02759333940312756,0.017023019395119212,0.012299562837359309,-0.03730492394276161,-0.0007370047105332401,-0.04915484977733563,-0.03045119213518923,-0.013004021674750304,-0.009560026376917443,0.018889952567355685
MET_covYY,0.2785699121031935,-0.029242743285158284,0.8834144969398742,-0.05752375953655521,1.0,-0.04608032772884614,0.010214744924125257,0.12854844306362245,-0.00020762797796049297,-0.01015459148705191,0.015622490100887086,0.21771744245432584,0.533949674479537,,-0.0009968009137616416,0.010389362792149817,0.1890857548174283,0.2422070476520552,0.008313211275704308,0.018003636983143008,0.20782283519679326,0.2368165953627652,-0.0143714658908337,0.019266088908704043,0.0012039286254102728,0.03727430831526347,0.03357906284640821,0.01089265765580916,0.014330393949527027,0.018435741590960966,0.02764897450631173,-0.003816991650085166,-0.010175327797937556,-0.00916647159254185,-0.07513924926029285,-0.09261530609834852,-0.022786581037792117,-0.021229625619273412,-0.030575760627305416,-0.07743265553635947,0.10709466011307164
MET_significance,0.8450501596563542,0.013648668524685971,-0.05521695587285193,0.02778393746433372,-0.04608032772884614,1.0,-0.014025346980781618,0.04701728205378084,-0.006410783029671477,0.012035100721384603,0.0037668072680065324,-0.00550541175688585,0.04219239687950692,,-0.0035808696783867586,-0.02156157362239855,0.0438822371657855,0.06489448078021894,-0.020690926115114354,-0.00020767823631486979,0.0038526286286987028,0.03583895613415663,0.02193387027053332,-0.014657731850641316,-0.05288350140052701,-0.03940024998976927,0.0026087127528361532,0.01425902076219037,0.006097692057790109,-0.008499326485704183,0.00019762391527952937,-0.0018767369323875879,0.025626533362050535,-0.0210669230944029,-0.01643065288764566,-0.013206648367399152,-0.029161005153787,-0.016408784198712903,-0.003336078788452047,0.0003398764964468513,0.2451510787814815
PV_chi2,-0.010007140859816058,0.02182415747601937,0.00456496129162893,-0.005194109903889832,0.010214744924125257,-0.014025346980781618,1.0,0.017583396147585247,-0.037011636504216044,0.025333020167216974,-0.00011548178683738374,0.02524833700168278,0.017233660220023633,,0.0001194866768341558,0.007290501947559549,0.044327484445657435,0.016372926799957156,-0.027470170705662652,0.019097319996329926,0.045746128400307964,0.008786375748604228,0.009737454201891281,0.018697021910303414,-0.01776850090599762,-0.01877659146282164,0.015043909035558257,-0.0004645201899834517,-0.009219766936315604,0.009589823979614633,0.023609256809873476,0.0029786421141955294,0.007134662129459117,0.028588446933601942,-0.000585534094512219,-0.0008130171004477656,-0.0003085664964403088,0.01157984415396308,0.022882356175789462,-0.038942583907006334,0.010337022905998692
PV_score,0.08941282086171215,0.005833451523927541,0.11698696207322021,-0.0818898698723918,0.12854844306362245,0.04701728205378084,0.017583396147585247,1.0,-0.004707999359236206,0.005311020060720389,0.013946737399874452,0.06758268509493215,0.09670031619356116,,0.003591420298753417,0.010158105253711304,0.556706549279238,0.24542734015830156,-0.03056953969391165,-0.00893917486575522,0.42390968719799405,0.135330800930406,-0.024354695661830846,-0.08971032787087363,0.015606398812416433,-0.01590372643780827,0.011441939721074676,-0.019484505045336907,-0.0015232479569509461,-0.008209270382637305,0.0011267007709010383,-0.003321781188696932,-0.0058228021833043805,0.0012990750484167023,0.0023218019316212954,-0.014580585061273058,-0.027118850725394602,-0.022188572650664696,0.19133673745267352,0.12017479554630636,0.10742328613084261
PV_x,-0.013051758846646146,0.006021171051335769,-0.007326485562423009,-0.006914222228019604,-0.00020762797796049297,-0.006410783029671477,-0.037011636504216044,-0.004707999359236206,1.0,-0.7831992576483565,-0.009967028939059649,-0.01359671398853152,-0.008632323778615822,,-0.009792242647537605,0.004886934611612987,-0.0035459263256163256,-0.006097707818548188,-0.013891262342605095,0.022057157456813914,0.0004440123371366616,-0.00735530525788182,-0.02975656140573506,-0.0007419296635209826,-0.0309747023946326,-0.0002591940165438405,-0.04554623092886587,-0.008296068227692886,-0.01787722945286616,-0.013341944296256354,0.018649146433689572,0.005952434308284468,-0.009680517342010787,0.0026983228272553063,0.002445949512385134,0.007820317009559515,-0.011407385038725144,0.030510922145215506,0.007860949505932366,-0.00912871344774316,-0.009357805812243734
PV_y,0.013794810798334126,-0.014086079813781507,-0.00301337114079642,0.012211420166178042,-0.01015459148705191,0.012035100721384603,0.025333020167216974,0.005311020060720389,-0.7831992576483565,1.0,0.029445158093013915,0.021135751113869075,-0.012355630588008135,,0.030704434629759213,0.017818935480502705,0.009214572170114064,-0.007514688444383932,0.0015150705204167853,-0.019322557862373753,0.005222627829516042,-0.008276697858044786,0.021572810535713288,-0.015863834806706112,0.018457074626240896,0.008339789783686496,0.02308388324355313,0.017591481850188984,-0.017529799131422098,-0.028397778133151676,-0.013938914512102897,-0.006980882359564742,0.018252333012783457,0.010161643804022527,-0.00726713742242035,-0.014507912402621607,-0.003542076302090289,-0.024920136467747753,0.029747821198288078,0.009809409400332007,0.00972917758778125
PV_z,0.010572195659051516,0.006618009258078315,0.012243915223778446,0.015477265542690776,0.015622490100887086,0.0037668072680065324,-0.00011548178683738374,0.013946737399874452,-0.009967028939059649,0.029445158093013915,1.0,-0.002095460162674011,0.009050850653144106,,0.020493058634997632,0.0054202518640963605,0.02717139829974249,-0.011052862364346432,-0.003837538672405457,-0.007790715859630087,0.007981373907732995,-0.0037749129162625425,-0.024521257841786576,0.015625798971451044,0.032717538798262155,0.012221176683397252,-0.004235292272198929,0.01635019259897,0.0020920199082437607,0.005174422200887486,-0.028426192474614365,-0.18174011982385627,0.002039454593817909,0.024304023935604116,-0.000847574201465243,-0.0034622656619524954,-0.022762976673741976,0.01013462268698475,0.008429190200556729,-0.001009464240554011,-0.012266050422397999
nSV,0.0789801502366294,0.0314779672853811,0.206749465312653,-0.02581292339725062,0.21771744245432584,-0.00550541175688585,0.02524833700168278,0.06758268509493215,-0.01359671398853152,0.021135751113869075,-0.002095460162674011,1.0,0.2500858375463005,,0.034219919390516766,0.050132143272768756,0.28545176714776455,0.305638472427613,0.017113814228000627,-0.00036915237068869483,0.28494796523215793,0.30697153996164006,0.01584511010332737,0.06013583483714626,0.19488665596661417,0.24959889975302213,0.004413370091208314,-0.008022567159448457,0.0017742340347237946,0.023318490772157276,-0.015203266353697243,-0.023234819966790853,0.0044961070920969196,0.0026438157836448546,-0.14435531734135496,-0.1757009729594089,0.009599093473793433,0.0038427976926515253,-0.07912929176283981,-0.23661249820064073,0.1832360148661459
nJet,0.227780381679466,-0.017005035056001476,0.5116814565326087,0.0032144270430442138,0.533949674479537,0.04219239687950692,0.017233660220023633,0.09670031619356116,-0.008632323778615822,-0.012355630588008135,0.009050850653144106,0.2500858375463005,1.0,,-0.0008582539633080557,0.01174486133520688,0.1832079488943565,0.12066183568128164,0.015739791652487487,-0.009146831720078805,0.1596952991203252,0.11342754645586486,-0.017253358147241552,-0.038048183712827345,-0.03443547438148191,-0.00030011902314577463,0.005322557954806394,-0.011745538097101126,0.014565045332271346,-0.01586315138791522,0.027365514744565785,0.004610546271158979,-0.01898213495650072,-0.007745109279532734,-0.04185523816171941,-0.0843983343471091,-0.017233505159194164,-0.016030519593364462,-0.03601225294335818,0.06055781630973097,0.15555732670448033
nMuon,,,,,,,,,,,,,,,,,,,,,,,,,,,,,,,,,,,,,,,,,
Jet_eta_bst,-0.025184935323406613,0.02902920343527039,-0.0026803977362422635,0.020595235313347008,-0.0009968009137616416,-0.0035808696783867586,0.0001194866768341558,0.003591420298753417,-0.009792242647537605,0.030704434629759213,0.020493058634997632,0.034219919390516766,-0.0008582539633080557,,1.0,0.35400280530374745,0.03329401965808396,-0.01397973160898618,-0.02027168112531093,0.034187404950279505,0.04942533613590417,-0.0035655652886240853,0.06111027104967605,0.008869645746519004,0.008479947288728598,0.010441955390490426,-0.018630489593053245,0.0013812830853957062,-0.014881826702839464,-0.016195072573159955,0.008093384336883865,0.02152400926070747,0.5377156856755612,0.5114412936539925,-0.03452717105118842,-0.033278513093521964,0.016634391852273868,0.001618639553887008,0.024209638436948865,-0.008226677491168646,0.03546786950720531
Jet_eta_bnd,-0.013443468813776577,0.015000120808973989,0.010961101613956354,0.006482879334873305,0.010389362792149817,-0.02156157362239855,0.007290501947559549,0.010158105253711304,0.004886934611612987,0.017818935480502705,0.0054202518640963605,0.050132143272768756,0.01174486133520688,,0.35400280530374745,1.0,0.018927735252756688,0.06636006039397527,-0.022236468281755593,0.048752322664133374,0.023784078101730492,0.0796948848321944,0.03626333544829887,0.05013183011786538,0.028994509420839743,0.0922123158313203,-0.022223755585187098,0.007644153281158647,0.004581450129959994,-0.007503903073877653,-0.002473662281568548,0.0025615126623176596,0.4410141182008917,0.4098871540649042,-0.028554212624406574,-0.046369309002884496,0.00649790693337539,0.021547550638264718,0.0068887826683165084,-0.03875414313084973,0.015230561216899799
Jet_pt_bst,0.09874193504535357,0.009844288573915708,0.18039238487378112,0.03396162873983386,0.1890857548174283,0.0438822371657855,0.044327484445657435,0.556706549279238,-0.0035459263256163256,0.009214572170114064,0.02717139829974249,0.28545176714776455,0.1832079488943565,,0.03329401965808396,0.018927735252756688,1.0,0.14810783933584862,-0.019632456833164415,-0.03337092174637208,0.8740488501823093,0.09867089892238283,-0.0027987722779332816,-0.03520159837612425,0.17495440323805175,0.07393766868144146,0.019656925572947195,-0.00027123285379410355,-0.004336086352024024,-0.0032221685030763385,0.012781379885162978,0.000677353957680867,0.005234328101927396,-0.004560757871196649,-0.06927331494803354,-0.077141841795296,-0.03368930475886405,-0.008861120148164925,0.04954723650766365,-0.07378276170433685,0.17762916681905175
Jet_pt_bnd,0.1256908853445786,0.0013460172585594097,0.23154703763635956,-0.19557498572709545,0.2422070476520552,0.06489448078021894,0.016372926799957156,0.24542734015830156,-0.006097707818548188,-0.007514688444383932,-0.011052862364346432,0.305638472427613,0.12066183568128164,,-0.01397973160898618,0.06636006039397527,0.14810783933584862,1.0,-0.013484803022837517,0.05577124343553458,0.09123528743657741,0.864686625674568,0.0005322954525003313,0.11997175124647165,0.07528336957906194,0.21692779933719666,0.010041733669742139,-0.0010036607135715924,-0.012863393505872116,0.00032160639233301265,-0.010437674260427205,0.006675711932308017,-0.007860246101084241,-0.025818275502473544,-0.09931652098652584,-0.12808735283603584,-0.017487371159573543,-0.013783069079390272,-0.03759448833170471,-0.11583324031093395,0.24651760032567868
Jet_phi_bst,-0.011851611005579148,0.022016077568381212,0.007741792882930706,-0.07295600652611677,0.008313211275704308,-0.020690926115114354,-0.027470170705662652,-0.03056953969391165,-0.013891262342605095,0.0015150705204167853,-0.003837538672405457,0.017113814228000627,0.015739791652487487,,-0.02027168112531093,-0.022236468281755593,-0.019632456833164415,-0.013484803022837517,1.0,-0.20164883845966977,-0.006053991110285681,-0.013849910969630256,0.02451103438526987,-0.01770451091163957,-0.0010633640247556721,0.015758581000589193,0.01986344536796432,0.012322292161245526,0.012727968981409194,0.03612367905999122,-0.0011643278919055429,-0.023874766130604144,-0.014079136246284136,-0.01640998047094408,-0.004102456097495569,-0.009964597752713598,-0.029424194219674276,-0.001325958353635255,-0.020110790218924892,-0.006728124137658595,0.007189976346935826
Jet_phi_bnd,0.011841456978616192,0.016645239821171873,0.008719848634205427,-0.044650407905999084,0.018003636983143008,-0.00020767823631486979,0.019097319996329926,-0.00893917486575522,0.022057157456813914,-0.019322557862373753,-0.007790715859630087,-0.00036915237068869483,-0.009146831720078805,,0.034187404950279505,0.048752322664133374,-0.03337092174637208,0.05577124343553458,-0.20164883845966977,1.0,-0.03649630984278059,0.05598053414479284,0.009238601828638044,0.03637341696315511,0.00034082496559222276,0.05385988561321935,0.015625663045719888,-0.010421330911959214,-0.014844612677126551,-0.0008904873844990386,-0.006706164519132397,0.014613118490257702,0.02385031374286775,0.024507358242999336,0.009026928949590889,-0.026199283434336036,0.037835499101199765,0.048460981085760836,0.03206152335207475,-0.008394105284220054,0.021265476473418247
Jet_mass_bst,0.0781196714024323,-0.001631101166319784,0.18965956223953523,0.027717751313808395,0.20782283519679326,0.0038526286286987028,0.045746128400307964,0.42390968719799405,0.0004440123371366616,0.005222627829516042,0.007981373907732995,0.28494796523215793,0.1596952991203252,,0.04942533613590417,0.023784078101730492,0.8740488501823093,0.09123528743657741,-0.006053991110285681,-0.03649630984278059,1.0,0.0704978787644475,0.08730985874780897,-0.02199589604645445,0.21193802963446517,0.0925782073799988,0.013938577449208652,0.007266801786532749,-0.009314624891221267,-0.0025271911508387107,0.021720972759376293,0.0029852659540708457,0.010665570133090862,-0.0012280981828713615,-0.07342751628732375,-0.0726237123747774,-0.024284801317980283,-0.020025259791388205,0.02899656581056703,-0.09829477477740681,0.0990037671553655
Jet_mass_bnd,0.12014236999392194,0.016346814921140648,0.22113608596672266,-0.02209366972769518,0.2368165953627652,0.03583895613415663,0.008786375748604228,0.135330800930406,-0.00735530525788182,-0.008276697858044786,-0.0037749129162625425,0.30697153996164006,0.11342754645586486,,-0.0035655652886240853,0.0796948848321944,0.09867089892238283,0.864686625674568,-0.013849910969630256,0.05598053414479284,0.0704978787644475,1.0,0.018478299684962368,0.2340661713726497,0.08155668694583204,0.2502953130012022,0.0053836032808152155,-0.010486396507226707,-0.01039897452191414,-0.00017794376520139057,0.0009718864166578972,0.004789030982159482,-0.0026622614340779285,-0.011153481806868992,-0.12224102420383241,-0.12359109177198307,-0.018054297980840357,-0.014366849483125898,-0.04443693690051534,-0.16221159081427305,0.21179165718957907
Jet_area_bst,0.014522656932602544,-0.026905014147615376,-0.014372906473072572,0.046802908328136564,-0.0143714658908337,0.02193387027053332,0.009737454201891281,-0.024354695661830846,-0.02975656140573506,0.021572810535713288,-0.024521257841786576,0.01584511010332737,-0.017253358147241552,,0.06111027104967605,0.03626333544829887,-0.0027987722779332816,0.0005322954525003313,0.02451103438526987,0.009238601828638044,0.08730985874780897,0.018478299684962368,1.0,0.03361190986640152,0.08180152153964879,0.04777873801529831,0.012868299705629667,0.013585214237386638,-0.00303146276144573,-0.0015835917131089468,-0.0013138299966661568,0.02459574948730486,0.03337918398283951,0.03627987438067034,-0.02297392237382094,0.020455624191527723,-0.01686712773675951,-0.02270370127846134,0.008926295283868069,-0.03481768844874183,0.01193432622083598
Jet_area_bnd,-0.00277342201300926,0.021348819861910794,0.02239867877921988,0.02571130195598504,0.019266088908704043,-0.014657731850641316,0.018697021910303414,-0.08971032787087363,-0.0007419296635209826,-0.015863834806706112,0.015625798971451044,0.06013583483714626,-0.038048183712827345,,0.008869645746519004,0.05013183011786538,-0.03520159837612425,0.11997175124647165,-0.01770451091163957,0.03637341696315511,-0.02199589604645445,0.2340661713726497,0.03361190986640152,1.0,0.008558366614833656,0.11932016721390146,0.027550041477986065,-0.003334712201378205,0.013122089865991898,0.006309600716895068,-0.0031264704527612704,-0.03277627804664959,0.020894088945680706,0.01665479780212581,-0.04503593870033483,-0.04435025179639696,-0.003796609500711726,-0.00960878042751145,-0.018420511280492234,-0.12291454013272753,0.05080882404054114
Jet_btag_bst,-0.03960700253648583,0.036162362489655285,-0.00838052925645529,-0.009735136179115802,0.0012039286254102728,-0.05288350140052701,-0.01776850090599762,0.015606398812416433,-0.0309747023946326,0.018457074626240896,0.032717538798262155,0.19488665596661417,-0.03443547438148191,,0.008479947288728598,0.028994509420839743,0.17495440323805175,0.07528336957906194,-0.0010633640247556721,0.00034082496559222276,0.21193802963446517,0.08155668694583204,0.08180152153964879,0.008558366614833656,1.0,0.46338108571687586,-0.004558937696840249,0.0032671622458920685,0.004925343665051297,0.025647545423903118,-0.014750717145488666,-0.009167922564970378,-0.03255987949961419,-0.007323082840406026,-0.038745537053917534,-0.054845226089855745,0.008819926256938188,0.0007845136527346128,-0.011653754897414468,-0.0681271769391786,0.03674795878820706
Jet_btag_bnd,-0.014854215505625578,0.010132076114009105,0.051646126507678955,-0.018672576521519272,0.03727430831526347,-0.03940024998976927,-0.01877659146282164,-0.01590372643780827,-0.0002591940165438405,0.008339789783686496,0.012221176683397252,0.24959889975302213,-0.00030011902314577463,,0.010441955390490426,0.0922123158313203,0.07393766868144146,0.21692779933719666,0.015758581000589193,0.05385988561321935,0.0925782073799988,0.2502953130012022,0.04777873801529831,0.11932016721390146,0.46338108571687586,1.0,-0.01114188061030209,0.024138858838934973,-0.010136903231022112,0.010710271652058895,-0.00019379498221060873,2.88268431126693e-05,0.014576304210546322,0.025286074784781197,-0.05271182181329998,-0.08471970569926397,0.004558632333212297,0.007432708111185907,-0.020923803360587318,-0.14516589036485789,0.07195147179227379
Muon_charge_st,0.02162137273733289,-0.0233865847203214,0.041360597503528204,-0.00988795336203858,0.03357906284640821,0.0026087127528361532,0.015043909035558257,0.011441939721074676,-0.04554623092886587,0.02308388324355313,-0.004235292272198929,0.004413370091208314,0.005322557954806394,,-0.018630489593053245,-0.022223755585187098,0.019656925572947195,0.010041733669742139,0.01986344536796432,0.015625663045719888,0.013938577449208652,0.0053836032808152155,0.012868299705629667,0.027550041477986065,-0.004558937696840249,-0.01114188061030209,1.0,-0.41130373141107235,0.0026529003680153085,0.00915547265556085,-0.008956490080299246,0.001923135914267986,-0.020683980199567704,-0.01670351362803285,-0.024083989445818525,0.021296342093870487,0.00369547520270745,0.0026942479721580852,-0.0034217079585766755,0.0027114477274942143,-0.010359336514973776
Muon_charge_nd,0.016619066484358708,0.010747977692218384,0.011106006877270447,-0.0009410774698648078,0.01089265765580916,0.01425902076219037,-0.0004645201899834517,-0.019484505045336907,-0.008296068227692886,0.017591481850188984,0.01635019259897,-0.008022567159448457,-0.011745538097101126,,0.0013812830853957062,0.007644153281158647,-0.00027123285379410355,-0.0010036607135715924,0.012322292161245526,-0.010421330911959214,0.007266801786532749,-0.010486396507226707,0.013585214237386638,-0.003334712201378205,0.0032671622458920685,0.024138858838934973,-0.41130373141107235,1.0,0.010395993927549712,-0.046807974380215216,0.007006136212571632,0.02786875667341138,0.017656746817186035,0.007273316753539811,-0.03667039002620479,-0.006772151820755023,-0.011234290301541078,0.005647695034248279,0.00044142002535254085,-0.015842886542494612,-0.01010688972515702
Muon_dxy_st,0.010415447112358998,0.009132538248656787,0.019474437304072195,-0.000728790174088553,0.014330393949527027,0.006097692057790109,-0.009219766936315604,-0.0015232479569509461,-0.01787722945286616,-0.017529799131422098,0.0020920199082437607,0.0017742340347237946,0.014565045332271346,,-0.014881826702839464,0.004581450129959994,-0.004336086352024024,-0.012863393505872116,0.012727968981409194,-0.014844612677126551,-0.009314624891221267,-0.01039897452191414,-0.00303146276144573,0.013122089865991898,0.004925343665051297,-0.010136903231022112,0.0026529003680153085,0.010395993927549712,1.0,-0.006449354506457096,-0.21629679350579717,-0.004349093452809438,-0.014546221104714166,-0.002437803427357854,0.05745470459388116,0.022063694520416306,-0.008746903108135026,-0.0028894387400856866,-0.45631365185799483,-0.01202430212346134,0.006079799238894862
Muon_dxy_nd,0.0038517014414905606,0.004378910841281936,0.014672566343788884,-0.014091728494429146,0.018435741590960966,-0.008499326485704183,0.009589823979614633,-0.008209270382637305,-0.013341944296256354,-0.028397778133151676,0.005174422200887486,0.023318490772157276,-0.01586315138791522,,-0.016195072573159955,-0.007503903073877653,-0.0032221685030763385,0.00032160639233301265,0.03612367905999122,-0.0008904873844990386,-0.0025271911508387107,-0.00017794376520139057,-0.0015835917131089468,0.006309600716895068,0.025647545423903118,0.010710271652058895,0.00915547265556085,-0.046807974380215216,-0.006449354506457096,1.0,0.023683322370142337,-0.03999199829948361,-0.0037361083163842037,0.006975652616115192,0.016213064073333987,0.025912716841368744,-0.005704671688504001,0.015161604473543663,-2.2288952589557366e-05,-0.015324312110463574,0.007144353119518868
Muon_dz_st,0.016709939242136578,-0.0035287742508208313,0.018396453079950678,-0.014045832738454667,0.02764897450631173,0.00019762391527952937,0.023609256809873476,0.0011267007709010383,0.018649146433689572,-0.013938914512102897,-0.028426192474614365,-0.015203266353697243,0.027365514744565785,,0.008093384336883865,-0.002473662281568548,0.012781379885162978,-0.010437674260427205,-0.0011643278919055429,-0.006706164519132397,0.021720972759376293,0.0009718864166578972,-0.0013138299966661568,-0.0031264704527612704,-0.014750717145488666,-0.00019379498221060873,-0.008956490080299246,0.007006136212571632,-0.21629679350579717,0.023683322370142337,1.0,0.06918386872203186,0.0908851911822711,0.010396536484621204,-0.01935414564970732,-0.01565000404982681,-0.010554395369935587,0.008635104885670326,0.2692205240665342,0.002841865752159628,-0.0034514479682654304
Muon_dz_nd,-0.00024228681159275557,0.02256764288037217,-0.01661896029044783,0.02759333940312756,-0.003816991650085166,-0.0018767369323875879,0.0029786421141955294,-0.003321781188696932,0.005952434308284468,-0.006980882359564742,-0.18174011982385627,-0.023234819966790853,0.004610546271158979,,0.02152400926070747,0.0025615126623176596,0.000677353957680867,0.006675711932308017,-0.023874766130604144,0.014613118490257702,0.0029852659540708457,0.004789030982159482,0.02459574948730486,-0.03277627804664959,-0.009167922564970378,2.88268431126693e-05,0.001923135914267986,0.02786875667341138,-0.004349093452809438,-0.03999199829948361,0.06918386872203186,1.0,0.033393666746650875,0.0026529555316430523,0.01371827798830208,-0.009305233419781051,-0.03572725912664578,-0.012160318871984826,0.04455719679512461,0.013099624756294656,-0.019446748264711156
Muon_eta_st,-0.0073205775275974345,0.05505737060884009,-0.007315588965450576,0.017023019395119212,-0.010175327797937556,0.025626533362050535,0.007134662129459117,-0.0058228021833043805,-0.009680517342010787,0.018252333012783457,0.002039454593817909,0.0044961070920969196,-0.01898213495650072,,0.5377156856755612,0.4410141182008917,0.005234328101927396,-0.007860246101084241,-0.014079136246284136,0.02385031374286775,0.010665570133090862,-0.0026622614340779285,0.03337918398283951,0.020894088945680706,-0.03255987949961419,0.014576304210546322,-0.020683980199567704,0.017656746817186035,-0.014546221104714166,-0.0037361083163842037,0.0908851911822711,0.033393666746650875,1.0,0.7189402171367607,-0.02067383033966126,-0.027257301418476765,0.0073124213033785536,0.0056729240689684535,0.03486050016434892,-0.007869442468638377,0.003702445102407903
Muon_eta_nd,-0.03771114719635685,0.04836258442089256,0.0009705746329563994,0.012299562837359309,-0.00916647159254185,-0.0210669230944029,0.028588446933601942,0.0012990750484167023,0.0026983228272553063,0.010161643804022527,0.024304023935604116,0.0026438157836448546,-0.007745109279532734,,0.5114412936539925,0.4098871540649042,-0.004560757871196649,-0.025818275502473544,-0.01640998047094408,0.024507358242999336,-0.0012280981828713615,-0.011153481806868992,0.03627987438067034,0.01665479780212581,-0.007323082840406026,0.025286074784781197,-0.01670351362803285,0.007273316753539811,-0.002437803427357854,0.006975652616115192,0.010396536484621204,0.0026529555316430523,0.7189402171367607,1.0,-0.015883969234197857,-0.004900251957955397,0.01235108086702452,0.00782669049559304,0.021674561794072636,0.004513543654108694,-0.01034157101906392
Muon_mass_st,-0.03407712285480128,-0.002607889556880623,-0.07754962183284585,-0.03730492394276161,-0.07513924926029285,-0.01643065288764566,-0.000585534094512219,0.0023218019316212954,0.002445949512385134,-0.00726713742242035,-0.000847574201465243,-0.14435531734135496,-0.04185523816171941,,-0.03452717105118842,-0.028554212624406574,-0.06927331494803354,-0.09931652098652584,-0.004102456097495569,0.009026928949590889,-0.07342751628732375,-0.12224102420383241,-0.02297392237382094,-0.04503593870033483,-0.038745537053917534,-0.05271182181329998,-0.024083989445818525,-0.03667039002620479,0.05745470459388116,0.016213064073333987,-0.01935414564970732,0.01371827798830208,-0.02067383033966126,-0.015883969234197857,1.0,0.06927994957053438,-0.0002956692938695903,-0.017311527964046444,-0.1318564059301925,0.08271356079691597,-0.05976337111891042
Muon_mass_nd,-0.059686391323588536,-0.011470098224301705,-0.0939851231135114,-0.0007370047105332401,-0.09261530609834852,-0.013206648367399152,-0.0008130171004477656,-0.014580585061273058,0.007820317009559515,-0.014507912402621607,-0.0034622656619524954,-0.1757009729594089,-0.0843983343471091,,-0.033278513093521964,-0.046369309002884496,-0.077141841795296,-0.12808735283603584,-0.009964597752713598,-0.026199283434336036,-0.0726237123747774,-0.12359109177198307,0.020455624191527723,-0.04435025179639696,-0.054845226089855745,-0.08471970569926397,0.021296342093870487,-0.006772151820755023,0.022063694520416306,0.025912716841368744,-0.01565000404982681,-0.009305233419781051,-0.027257301418476765,-0.004900251957955397,0.06927994957053438,1.0,-0.0047429417000418765,0.03398958479715248,0.0673435138107158,0.17272285459012096,-0.09143907789854666
Muon_phi_st,-0.036580698105385216,0.016013381468617575,-0.026010639137526832,-0.04915484977733563,-0.022786581037792117,-0.029161005153787,-0.0003085664964403088,-0.027118850725394602,-0.011407385038725144,-0.003542076302090289,-0.022762976673741976,0.009599093473793433,-0.017233505159194164,,0.016634391852273868,0.00649790693337539,-0.03368930475886405,-0.017487371159573543,-0.029424194219674276,0.037835499101199765,-0.024284801317980283,-0.018054297980840357,-0.01686712773675951,-0.003796609500711726,0.008819926256938188,0.004558632333212297,0.00369547520270745,-0.011234290301541078,-0.008746903108135026,-0.005704671688504001,-0.010554395369935587,-0.03572725912664578,0.0073124213033785536,0.01235108086702452,-0.0002956692938695903,-0.0047429417000418765,1.0,0.36210173015169805,0.0035708274116961892,0.013267234700353958,-0.011131059213438656
Muon_phi_nd,-0.02209546617363956,0.001135200834318982,-0.019245972991602044,-0.03045119213518923,-0.021229625619273412,-0.016408784198712903,0.01157984415396308,-0.022188572650664696,0.030510922145215506,-0.024920136467747753,0.01013462268698475,0.0038427976926515253,-0.016030519593364462,,0.001618639553887008,0.021547550638264718,-0.008861120148164925,-0.013783069079390272,-0.001325958353635255,0.048460981085760836,-0.020025259791388205,-0.014366849483125898,-0.02270370127846134,-0.00960878042751145,0.0007845136527346128,0.007432708111185907,0.0026942479721580852,0.005647695034248279,-0.0028894387400856866,0.015161604473543663,0.008635104885670326,-0.012160318871984826,0.0056729240689684535,0.00782669049559304,-0.017311527964046444,0.03398958479715248,0.36210173015169805,1.0,0.030231979816972652,-0.008530585668679928,0.01242870088033184
Muon_pt_st,-0.028423570569254167,-0.02739472044123235,-0.03192769109612251,-0.013004021674750304,-0.030575760627305416,-0.003336078788452047,0.022882356175789462,0.19133673745267352,0.007860949505932366,0.029747821198288078,0.008429190200556729,-0.07912929176283981,-0.03601225294335818,,0.024209638436948865,0.0068887826683165084,0.04954723650766365,-0.03759448833170471,-0.020110790218924892,0.03206152335207475,0.02899656581056703,-0.04443693690051534,0.008926295283868069,-0.018420511280492234,-0.011653754897414468,-0.020923803360587318,-0.0034217079585766755,0.00044142002535254085,-0.45631365185799483,-2.2288952589557366e-05,0.2692205240665342,0.04455719679512461,0.03486050016434892,0.021674561794072636,-0.1318564059301925,0.0673435138107158,0.0035708274116961892,0.030231979816972652,1.0,0.12048823745573987,-0.042142855644917224
Muon_pt_nd,-0.029872964281269832,-0.01509860228532945,-0.06961799268149854,-0.009560026376917443,-0.07743265553635947,0.0003398764964468513,-0.038942583907006334,0.12017479554630636,-0.00912871344774316,0.009809409400332007,-0.001009464240554011,-0.23661249820064073,0.06055781630973097,,-0.008226677491168646,-0.03875414313084973,-0.07378276170433685,-0.11583324031093395,-0.006728124137658595,-0.008394105284220054,-0.09829477477740681,-0.16221159081427305,-0.03481768844874183,-0.12291454013272753,-0.0681271769391786,-0.14516589036485789,0.0027114477274942143,-0.015842886542494612,-0.01202430212346134,-0.015324312110463574,0.002841865752159628,0.013099624756294656,-0.007869442468638377,0.004513543654108694,0.08271356079691597,0.17272285459012096,0.013267234700353958,-0.008530585668679928,0.12048823745573987,1.0,-0.12383344227389606
GenMET_pt,0.2597966921000126,0.013169506164173098,0.09365714518683388,0.018889952567355685,0.10709466011307164,0.2451510787814815,0.010337022905998692,0.10742328613084261,-0.009357805812243734,0.00972917758778125,-0.012266050422397999,0.1832360148661459,0.15555732670448033,,0.03546786950720531,0.015230561216899799,0.17762916681905175,0.24651760032567868,0.007189976346935826,0.021265476473418247,0.0990037671553655,0.21179165718957907,0.01193432622083598,0.05080882404054114,0.03674795878820706,0.07195147179227379,-0.010359336514973776,-0.01010688972515702,0.006079799238894862,0.007144353119518868,-0.0034514479682654304,-0.019446748264711156,0.003702445102407903,-0.01034157101906392,-0.05976337111891042,-0.09143907789854666,-0.011131059213438656,0.01242870088033184,-0.042142855644917224,-0.12383344227389606,1.0
