,MET_pt,MET_phi,MET_covXX,MET_covXY,MET_covYY,MET_significance,PV_chi2,PV_score,PV_x,PV_y,PV_z,nElectron,Electron_charge_st,Electron_charge_nd,Electron_dxy_st,Electron_dxy_nd,Electron_dz_st,Electron_dz_nd,Electron_eta_st,Electron_eta_nd,Electron_mass_st,Electron_mass_nd,Electron_phi_st,Electron_phi_nd,Electron_pt_st,Electron_pt_nd,nMuon,Muon_charge_st,Muon_charge_nd,Muon_dxy_st,Muon_dxy_nd,Muon_dz_st,Muon_dz_nd,Muon_eta_st,Muon_eta_nd,Muon_mass_st,Muon_mass_nd,Muon_phi_st,Muon_phi_nd,Muon_pt_st,Muon_pt_nd,GenMET_pt
MET_pt,1.0,-7.483132920251573e-05,0.11259222656212578,-0.014034353643185175,0.11507532531167244,0.6958549019981511,0.007897720249358076,0.5768418966357853,0.0028838163685569957,-0.003834234834513023,-0.007072516834355246,0.0562337389230673,-0.0006675432415917354,0.002833099915768374,0.0002575863010915257,0.003651972490214415,0.0039800943020894385,0.00029931473897193943,-0.003329380502902535,-0.0011774661158007844,-0.01059780705121049,-0.005108816237508742,0.0020661755186925945,0.0007264485393146995,0.3194845471055389,0.15075105073327594,-0.0434174944427843,0.006889692709912434,-0.007643305835406909,0.0019566604641608424,-0.0015421832611818688,0.011680755861423095,0.002081908143466096,-0.0026258593032392674,-0.0029216475367048003,-0.0434175252792546,-0.04341763355334696,0.0013350724311837956,0.003887216486002316,0.05355709628137365,0.12000748626868915,0.9269215769617566
MET_phi,-7.483132920251573e-05,1.0,0.005334336640286305,-0.020685554959050112,0.006574471297581621,-0.005736006648286504,0.006628345563607795,-0.002777135410400742,-0.0124426741809372,0.008199005712045236,-0.0010502833525107733,0.00036855067566197975,0.0004960375272191838,0.0005724882741504631,-0.005287708803238207,0.0035906933020957168,-0.0022135884379756205,-0.0004288944613079659,0.0006663317597388935,0.007697271283003148,-0.005855318913603722,-0.00031367700100532934,-0.20438710754892236,-0.02603525287939903,0.0011298573866853194,-0.005229965671198995,-1.957350497854519e-05,-0.007013813683768118,0.004448045896821866,0.005738316103064163,-0.0037373836892279876,-0.0011157421192104818,-0.010148741648587672,-0.002711929386240162,0.00024267902727175228,-1.9323713318029736e-05,-1.9359208273854938e-05,-0.20472891004476537,-0.035056202682486236,0.004708555713848882,-0.0031648304422012643,-0.005568357259339739
MET_covXX,0.11259222656212578,0.005334336640286305,1.0,-0.006235975778954962,0.9107107845060561,-0.09915082623196937,0.026333668506493015,0.062317569068563956,0.0025751275325418673,0.004014069719115994,0.0019740353680353048,0.02739386805480169,0.0020918504688974887,-0.0035255055729845794,-0.0020141662202105355,-0.001001778386632447,-0.0014629745764000457,-0.0032933337466468982,0.003981773862856681,0.003882351386664232,-0.006856172055693387,-0.002084764313858837,-0.002454361785905351,-0.004467487385624818,0.034285828867009344,0.014562277306459375,-0.014878458415824058,0.007274221723547199,-0.006141435670342248,-0.018385303530887062,0.008913224828077904,0.008964431618833346,0.00883986310713725,-0.0036467962602243866,0.004544300644049106,-0.01488627431580773,-0.014886863016329853,-0.00018607949701626806,0.003920950481325637,0.0023303287595259126,-0.019772589142509546,0.07364920894817573
MET_covXY,-0.014034353643185175,-0.020685554959050112,-0.006235975778954962,1.0,-0.02082870464782189,-0.0011050451950449986,-0.0015203464400897339,0.0001698014362604199,-0.004807961997942045,-0.00393813864085831,0.00293318727417325,0.009565032733945527,0.0011302184495229869,-0.003508576895476946,0.005109484088891302,0.0017783666513070343,0.00017251583721891492,-0.004884569118057681,0.0014500766526253062,-0.004031779433962831,-0.00037913518752960616,-0.0024470000734448383,-0.01433098770401833,-0.0012762172936783538,0.015321056713166959,0.01976398286108866,-0.008825681930278037,-0.005044088099383257,0.005242274065340507,0.024472073361521414,0.00020806764341229592,-0.006348865652321417,-0.0004955785687778626,0.0019000748027603032,0.0011583443850633807,-0.00882490720601975,-0.008825033561042918,-0.012351024763998976,-0.002721421685225652,-0.00046179149081218367,-0.004987011168761309,-0.01291864179229041
MET_covYY,0.11507532531167244,0.006574471297581621,0.9107107845060561,-0.02082870464782189,1.0,-0.09878723516300833,0.029053353751100925,0.06382960999567426,0.002611872404383378,0.004962346263036798,0.0005764404406385633,0.02640147499698687,0.0035823679747651986,-0.004434043619163792,-0.004072925791682774,-0.0025585041159103075,-0.003921700437692071,-0.004045745078667242,0.003318714718136282,0.0016840317605153394,-0.008011328426852145,-0.002791681796373492,-0.0014737761936228966,-0.0030385336284574445,0.03167324695247505,0.004376050300632079,-0.013814619842034427,0.004120240323241105,-0.003178985140349686,-0.00905068186386509,0.01267684446624687,0.009133966483440083,0.011085831959987125,-0.004258012082195746,0.005452168324436806,-0.0138221885507939,-0.013823056249884981,1.4109368470179478e-05,0.0063013057267104515,0.0015859622026513484,-0.014769631709793979,0.07595934914303677
MET_significance,0.6958549019981511,-0.005736006648286504,-0.09915082623196937,-0.0011050451950449986,-0.09878723516300833,1.0,-0.0017808919926895392,0.659612947192891,-0.000549401828423228,-0.005072195363328166,-0.007634115129733697,0.022793075821678912,-0.000841722278579261,0.004884522595443028,0.0037375249879509262,0.0023979147792586417,0.003274989232890649,0.0005849631959296523,-0.003379396170756639,-0.00039200506306134744,0.0037836746715103208,-0.0056529313207224745,0.003459116005761741,0.0024988620037898574,0.2435690423268802,0.11401922973869777,-0.015980409523755856,0.008450281187039825,-0.008272813994699561,0.0022810249345739967,-0.002296318228914326,0.0060185961294742995,0.0011890407969138202,-0.005816234641393231,-0.00906157293167451,-0.015979626467289447,-0.015979273687529973,0.0006446707144647412,-0.0015573928621393268,0.05359410024380401,0.10554128560676602,0.6829586707795895
PV_chi2,0.007897720249358076,0.006628345563607795,0.026333668506493015,-0.0015203464400897339,0.029053353751100925,-0.0017808919926895392,1.0,0.00432857739519593,0.005580839030543098,0.013178723795321376,0.007630258753404253,0.007026148008506247,0.00035868405450490814,-0.006379107783917924,-0.003197494479088196,0.005703247136230848,0.0021339991171940163,0.0010469452112239304,0.005541779860926335,0.006853450493136276,-0.00473267326464628,0.007188899983064366,0.006458112252790748,-0.006107323032679435,0.009338466626674587,0.010165671114406347,-0.005798277063164139,-0.002685551066059266,0.0023265198441195815,-0.001867033914071971,0.0028725698084192553,-0.0012723763785817044,-0.0011466299832484659,0.014599790701492258,0.009103430336516316,-0.005799337434316983,-0.005798728247756738,0.002198398301438703,-0.009525502910028322,-0.0009065876114952762,0.001620441061267743,0.00479879269151102
PV_score,0.5768418966357853,-0.002777135410400742,0.062317569068563956,0.0001698014362604199,0.06382960999567426,0.659612947192891,0.00432857739519593,1.0,-0.0006874920459847296,-0.005751253099342381,-0.0071500440063138535,-0.08493858867537495,-0.004195266317558023,0.00913196778142715,-0.003263532612927219,0.002156346506344965,0.0019631538056197754,0.001654082427086595,-0.00168159961609588,-0.0008046577726041027,0.0059304601009607764,-0.020434160746738223,-0.00025764887863102674,-0.004593785451577175,0.19681678375565095,0.10022683245629255,0.09407945410049819,0.010863009128500663,-0.011453299079366113,0.002565221944159324,-0.00189548065807257,0.0036639133818457013,0.003469184855363489,-0.006238639725804359,-0.008169049703066688,0.09408395855061225,0.09408404876481848,-0.002681947461012102,0.0014630459409906936,0.10792867650398617,0.30578665669411287,0.6027689021369749
PV_x,0.0028838163685569957,-0.0124426741809372,0.0025751275325418673,-0.004807961997942045,0.002611872404383378,-0.000549401828423228,0.005580839030543098,-0.0006874920459847296,1.0,-0.01795491496546171,0.0001981212312235448,2.5928311347378082e-05,-0.006055192177117999,0.0036499818994031956,-0.00680907619532579,0.0057666931845738265,-0.00789172360960863,-0.0034486076293310406,-0.0010568737757247412,0.004713014353485887,0.0026741158945670293,-0.0007259773974750287,-0.0036753555716095548,-0.00349399346252616,0.002866844715980312,0.00022829924449910177,0.00043648702573147104,-0.002169716231158257,0.002700307476386887,0.006434589051722416,0.002937586523223518,0.0033988464554549048,-0.00915889692430131,0.0013894888152117678,-0.002936969098827941,0.00043695955878008405,0.00043674901558453524,0.003270533205056693,0.00297741673203876,-0.0003129282913127773,-0.00311511108430962,0.0004769349550349791
PV_y,-0.003834234834513023,0.008199005712045236,0.004014069719115994,-0.00393813864085831,0.004962346263036798,-0.005072195363328166,0.013178723795321376,-0.005751253099342381,-0.01795491496546171,1.0,-0.007854152991121409,-0.004506456114577678,0.0070849457807944435,-0.007396164874305544,-0.0008298095233855486,0.012554231689149,0.002601404463200707,0.0013451972390610904,-0.002022565988285886,-0.007982145968912205,-0.00039629777727467034,-0.008043490291102452,-0.0016845515715012286,-0.001129854592456723,-0.005986249008270166,-0.007587143407914187,0.004973426074761334,-0.004689674516605991,0.001870225459672851,0.00381712567794933,-0.0029015181121812934,-0.009429192469400908,-0.0003441360765760502,0.0017437233240225301,0.004218219677137499,0.0049721658792978825,0.0049730494664208475,-0.0016741036257229142,0.0006337154408105114,0.0006722797304934559,0.0014734799704323204,-0.005168421836373431
PV_z,-0.007072516834355246,-0.0010502833525107733,0.0019740353680353048,0.00293318727417325,0.0005764404406385633,-0.007634115129733697,0.007630258753404253,-0.0071500440063138535,0.0001981212312235448,-0.007854152991121409,1.0,0.005759227526530063,-0.0008797705329104381,0.00167390440718826,0.0012090219105942049,-0.003077890402777075,-0.08681013255583075,-0.11425760239430738,-0.028516013147231158,-0.026003169072303052,-0.004799371652201569,-0.003463664546313789,0.0038022182504859757,0.0004861400004618656,-0.0023994348807028394,0.000667265350010038,-0.005215827962190033,-0.0040483575727386575,0.007176245142092331,-0.001550676126492842,-0.0010055271488354286,-0.036413945618339175,-0.04941940341597723,-0.0009240433180788255,-0.003018731804006611,-0.005215150745873811,-0.005216079414195543,0.007326204711552485,-0.004987538421029697,0.003198363162263087,-0.00250295217977976,-0.004974501643366555
nElectron,0.0562337389230673,0.00036855067566197975,0.02739386805480169,0.009565032733945527,0.02640147499698687,0.022793075821678912,0.007026148008506247,-0.08493858867537495,2.5928311347378082e-05,-0.004506456114577678,0.005759227526530063,1.0,0.0015857735162703628,-0.001884976968411734,0.0010751726942424078,-0.0062875669743567356,-0.0026927586104331085,-0.007052669398966575,0.0011985294339083702,0.002930198708066595,-0.009299367763405448,-0.010745910658599206,0.0024043952840404853,-0.0022318168348475238,0.7155207018019252,0.7207814614988461,-0.9783390150062908,-0.003123187450347337,0.001582782681284146,0.002825684580991441,-0.006342212312944027,0.00569009003751008,-0.0006535379581180572,0.0006988561817729249,-7.073653228715508e-05,-0.9783451641384626,-0.9783430452081581,0.000468456408746481,0.002516174702003091,-0.14381852028439246,-0.6740921405863222,0.04828656646904329
Electron_charge_st,-0.0006675432415917354,0.0004960375272191838,0.0020918504688974887,0.0011302184495229869,0.0035823679747651986,-0.000841722278579261,0.00035868405450490814,-0.004195266317558023,-0.006055192177117999,0.0070849457807944435,-0.0008797705329104381,0.0015857735162703628,1.0,-0.8076391700000518,0.0014831872594014805,-0.00011494902723230623,0.004477117340571371,-0.005095296098493546,0.002273783170602355,9.683412444625758e-05,-0.0017968747977879932,0.007352988401292961,-0.004041010187093154,0.0016185246439984187,0.0005134639524741642,-0.004661494016590483,-0.002138895928689659,0.00027008704293693094,0.0005931144464930299,0.002134345650473529,0.00036528551503889486,0.0018875188113562,0.0015156689457706085,-0.00045072413495830517,-0.0015290353016836468,-0.002138938553390959,-0.0021390060900687616,0.0005063241257316533,-0.0003722887278399121,-0.004860421960866854,-0.0010359648328373665,0.001705974518568295
Electron_charge_nd,0.002833099915768374,0.0005724882741504631,-0.0035255055729845794,-0.003508576895476946,-0.004434043619163792,0.004884522595443028,-0.006379107783917924,0.00913196778142715,0.0036499818994031956,-0.007396164874305544,0.00167390440718826,-0.001884976968411734,-0.8076391700000518,1.0,0.003902881688013156,-0.013610140701325522,-0.0015924888520237285,0.005003682717566089,-3.8436289157599485e-06,-0.0003003419057107214,0.002976597501649226,-0.0024412078804257236,0.010065708875478613,0.002015406377325865,0.005844247462275824,0.0057005861660454306,0.003710977499785623,-0.0003478111594145865,-0.002090802506528778,-0.002360116261334908,0.0007573825248132334,-7.173145601186197e-05,-0.0032474161076718067,-0.0004829418258079784,0.0020933676960142957,0.0037105778743271598,0.00371084742864611,-0.0018159986300191938,-0.00011645602254766737,0.0050183578211953515,0.0018954702955827003,0.0021988791589808198
Electron_dxy_st,0.0002575863010915257,-0.005287708803238207,-0.0020141662202105355,0.005109484088891302,-0.004072925791682774,0.0037375249879509262,-0.003197494479088196,-0.003263532612927219,-0.00680907619532579,-0.0008298095233855486,0.0012090219105942049,0.0010751726942424078,0.0014831872594014805,0.003902881688013156,1.0,-0.0035408007016649616,0.12564760533255565,-0.006399233009022254,0.019192851719645958,0.004694300124082216,0.010915566278859753,0.00574234985645846,0.0038344607595261837,0.0026478284407092613,0.0033687799799909115,-0.0023708525909929123,-0.000986702948851914,-0.00038121135172848646,0.0004263462722073805,-0.0001676269985358775,1.0226592108224003e-05,0.00022242872814465914,-0.00018978334581964658,0.0008323723994018137,0.00038415818254784485,-0.0009866638628678976,-0.0009868315215550614,-0.00033009401705969205,0.001519281290348948,-0.0001455806688898421,0.0004997204988202845,0.0008977546638324167
Electron_dxy_nd,0.003651972490214415,0.0035906933020957168,-0.001001778386632447,0.0017783666513070343,-0.0025585041159103075,0.0023979147792586417,0.005703247136230848,0.002156346506344965,0.0057666931845738265,0.012554231689149,-0.003077890402777075,-0.0062875669743567356,-0.00011494902723230623,-0.013610140701325522,-0.0035408007016649616,1.0,0.01479860359999017,0.0391593141628192,0.005348200950521795,0.009164799529110895,-0.0067595484358255456,0.004005971664636606,-0.0007429240776111503,0.003627015963416706,-0.004831394704468638,-0.011535591696641678,0.006736283233089265,-0.0007341531719879401,-0.0018439617777124418,-0.00014850787443449867,1.830891335157725e-05,0.0005059414673111362,-0.0035666567973856524,-0.003210566375145221,0.004513652575251442,0.006736008323893544,0.006736287594392401,-0.004141099222280795,0.0026054359754090176,0.0013200337362263023,0.007512966920626376,0.002917105555715841
Electron_dz_st,0.0039800943020894385,-0.0022135884379756205,-0.0014629745764000457,0.00017251583721891492,-0.003921700437692071,0.003274989232890649,0.0021339991171940163,0.0019631538056197754,-0.00789172360960863,0.002601404463200707,-0.08681013255583075,-0.0026927586104331085,0.004477117340571371,-0.0015924888520237285,0.12564760533255565,0.01479860359999017,1.0,0.38415085886458883,0.009726737814118341,0.0074741462852794295,0.010844254377048848,-0.0014922756068994029,0.005051738163256507,-0.004720066427708538,0.00380675761407672,0.0015979227085366988,0.006048645860878829,-0.0029334303922332176,0.002302781684465994,0.0016357777744349824,0.0004957079988095047,0.0008521801260614516,0.0008939751339466997,-0.0008126583713727096,-0.001276777433447667,0.006048750432958451,0.006048586927398044,-0.0020688322394646973,-0.0021785947299225467,0.0004505424479824828,0.004818293779132444,0.005778667079392856
Electron_dz_nd,0.00029931473897193943,-0.0004288944613079659,-0.0032933337466468982,-0.004884569118057681,-0.004045745078667242,0.0005849631959296523,0.0010469452112239304,0.001654082427086595,-0.0034486076293310406,0.0013451972390610904,-0.11425760239430738,-0.007052669398966575,-0.005095296098493546,0.005003682717566089,-0.006399233009022254,0.0391593141628192,0.38415085886458883,1.0,0.008272820581102038,-0.0033676572042769855,0.005405926643542831,-0.010756025917794858,0.0007526243532356699,-0.008294211504545759,-0.004076179704057432,-0.0009456586279845224,0.003574113410559606,-0.005231681060255993,0.003914170631795766,-0.0008615913076568521,0.0005930541348104891,0.0005865220423347128,-0.00016403266887115453,0.0012402373370478514,0.0025066011639428066,0.0035743082097879427,0.003574190893648648,-0.001650007025645285,-0.0005876495507205934,0.0001327411532758584,0.0038571917321133633,-0.0008044905262171473
Electron_eta_st,-0.003329380502902535,0.0006663317597388935,0.003981773862856681,0.0014500766526253062,0.003318714718136282,-0.003379396170756639,0.005541779860926335,-0.00168159961609588,-0.0010568737757247412,-0.002022565988285886,-0.028516013147231158,0.0011985294339083702,0.002273783170602355,-3.8436289157599485e-06,0.019192851719645958,0.005348200950521795,0.009726737814118341,0.008272820581102038,1.0,0.5410545752576414,0.010329912301607293,-0.003573148900840065,-0.0025031816403204934,-0.0012626700828459632,-0.004729352614473364,-0.0007949634398787876,-0.0018078070792122095,0.0009702193231715004,-0.0005041776958322559,0.0007310013958082343,-0.0035607462419949593,8.277934486918474e-05,0.0002584796533231803,0.0038692499792307303,0.003911934663652552,-0.0018079685180625634,-0.0018081837650260912,-0.00020830828807693854,0.001216859789543697,0.001236980235384401,-0.0022113813734571932,-0.00389443665362603
Electron_eta_nd,-0.0011774661158007844,0.007697271283003148,0.003882351386664232,-0.004031779433962831,0.0016840317605153394,-0.00039200506306134744,0.006853450493136276,-0.0008046577726041027,0.004713014353485887,-0.007982145968912205,-0.026003169072303052,0.002930198708066595,9.683412444625758e-05,-0.0003003419057107214,0.004694300124082216,0.009164799529110895,0.0074741462852794295,-0.0033676572042769855,0.5410545752576414,1.0,0.007924530321635998,0.002302782168322245,-0.006665436326780125,0.00813801022956593,-0.0003774136307875407,-0.00037710007314865164,-0.004160697888962059,0.0017296428693787636,-0.001061693592024121,-0.002627239282273395,-0.002580730699951899,0.004545541143199395,-0.0016904866771823895,0.001836871533623468,0.0038260724573540026,-0.004160479325591364,-0.004161242623727521,0.0008698859237673938,-7.708902341039964e-05,0.0025152454686849413,-0.001939117202802352,0.00061154492603767
Electron_mass_st,-0.01059780705121049,-0.005855318913603722,-0.006856172055693387,-0.00037913518752960616,-0.008011328426852145,0.0037836746715103208,-0.00473267326464628,0.0059304601009607764,0.0026741158945670293,-0.00039629777727467034,-0.004799371652201569,-0.009299367763405448,-0.0017968747977879932,0.002976597501649226,0.010915566278859753,-0.0067595484358255456,0.010844254377048848,0.005405926643542831,0.010329912301607293,0.007924530321635998,1.0,-0.011084013090680125,0.007268542009192437,-0.008178652443155946,-0.02656853298901107,-0.0037449270679272804,0.007319998549280367,0.0005823289585265953,0.001142013521618236,-4.042129384185035e-05,-0.0012881569243693217,-0.0013496606076215149,0.0028052726861164745,3.7753463932097473e-05,0.0007027537240242003,0.007320369899056376,0.007320139676876265,0.0005875840647587233,-0.0007128189515434089,-6.651777778219686e-05,0.006360141991146239,-0.009327961670716554
Electron_mass_nd,-0.005108816237508742,-0.00031367700100532934,-0.002084764313858837,-0.0024470000734448383,-0.002791681796373492,-0.0056529313207224745,0.007188899983064366,-0.020434160746738223,-0.0007259773974750287,-0.008043490291102452,-0.003463664546313789,-0.010745910658599206,0.007352988401292961,-0.0024412078804257236,0.00574234985645846,0.004005971664636606,-0.0014922756068994029,-0.010756025917794858,-0.003573148900840065,0.002302782168322245,-0.011084013090680125,1.0,-0.0029684642310962113,-0.002154106161336572,-0.021314590364643407,-0.03404262707751024,0.011382780886377968,-1.695014746351379e-05,-0.0004914185722679274,1.9265528288615666e-05,0.0028796141115094917,-5.738023684729042e-05,0.0007932025015909976,0.00037746700923731543,0.001895633012841879,0.011382266006515677,0.0113825318265078,9.887641403092792e-05,0.0005381978561399172,0.004401419242778623,0.00740965915146766,-0.008625884101966711
Electron_phi_st,0.0020661755186925945,-0.20438710754892236,-0.002454361785905351,-0.01433098770401833,-0.0014737761936228966,0.003459116005761741,0.006458112252790748,-0.00025764887863102674,-0.0036753555716095548,-0.0016845515715012286,0.0038022182504859757,0.0024043952840404853,-0.004041010187093154,0.010065708875478613,0.0038344607595261837,-0.0007429240776111503,0.005051738163256507,0.0007526243532356699,-0.0025031816403204934,-0.006665436326780125,0.007268542009192437,-0.0029684642310962113,1.0,-0.16120922427989845,0.01004209891985594,0.006327681923139417,-0.003412263972340484,0.001716595143690966,-0.00016656389584366178,-0.0037833504349714373,0.0013658777930891778,0.0014006720543288578,0.005890902692441521,-0.0018861488638784788,-0.0007542809640454271,-0.0034120183255118785,-0.0034117418463992678,-2.7485574688560312e-05,-0.0007359605341050264,-0.007048093801523126,-0.0011612281106544175,0.0037878438635542103
Electron_phi_nd,0.0007264485393146995,-0.02603525287939903,-0.004467487385624818,-0.0012762172936783538,-0.0030385336284574445,0.0024988620037898574,-0.006107323032679435,-0.004593785451577175,-0.00349399346252616,-0.001129854592456723,0.0004861400004618656,-0.0022318168348475238,0.0016185246439984187,0.002015406377325865,0.0026478284407092613,0.003627015963416706,-0.004720066427708538,-0.008294211504545759,-0.0012626700828459632,0.00813801022956593,-0.008178652443155946,-0.002154106161336572,-0.16120922427989845,1.0,-0.0042522048157795575,0.0005447551636245546,-0.00042935984118696956,0.00016314406192664921,-0.0009769505494625053,-0.0012826345985893755,-0.0009734486798158795,0.003049378291585297,-0.004482217275207444,-0.0004357032297988029,-0.00018376131010294398,-0.00042907094576663643,-0.00042946689198540626,-0.0011152224006616505,-0.001559331427833315,-0.0014095762642843696,-0.0009949439146561263,0.001153323511993865
Electron_pt_st,0.3194845471055389,0.0011298573866853194,0.034285828867009344,0.015321056713166959,0.03167324695247505,0.2435690423268802,0.009338466626674587,0.19681678375565095,0.002866844715980312,-0.005986249008270166,-0.0023994348807028394,0.7155207018019252,0.0005134639524741642,0.005844247462275824,0.0033687799799909115,-0.004831394704468638,0.00380675761407672,-0.004076179704057432,-0.004729352614473364,-0.0003774136307875407,-0.02656853298901107,-0.021314590364643407,0.01004209891985594,-0.0042522048157795575,1.0,0.7397660631252903,-0.7088758941214551,-0.0011676775065238736,-0.0006254656624227309,0.001947514328288877,-0.002733613704906477,0.004506897388551481,-0.0007148647465387247,0.0018208871499027716,0.0011225787476592008,-0.7088812223795345,-0.7088791622366702,0.00035137452408472495,0.0012346595481175925,-0.1048683311890328,-0.48913218730825836,0.3317211792854134
Electron_pt_nd,0.15075105073327594,-0.005229965671198995,0.014562277306459375,0.01976398286108866,0.004376050300632079,0.11401922973869777,0.010165671114406347,0.10022683245629255,0.00022829924449910177,-0.007587143407914187,0.000667265350010038,0.7207814614988461,-0.004661494016590483,0.0057005861660454306,-0.0023708525909929123,-0.011535591696641678,0.0015979227085366988,-0.0009456586279845224,-0.0007949634398787876,-0.00037710007314865164,-0.0037449270679272804,-0.03404262707751024,0.006327681923139417,0.0005447551636245546,0.7397660631252903,1.0,-0.7180404054432632,-0.0015188407369349604,0.0007615588113176947,0.002516492355696178,-0.005778969365879839,0.003135105993125115,0.0007795069230943367,0.001540163803767403,0.0007415198941874633,-0.718044836941684,-0.7180430617201763,0.0007135085168348259,0.000361517180972065,-0.10534622200524767,-0.49499178068682964,0.15481734208581405
nMuon,-0.0434174944427843,-1.957350497854519e-05,-0.014878458415824058,-0.008825681930278037,-0.013814619842034427,-0.015980409523755856,-0.005798277063164139,0.09407945410049819,0.00043648702573147104,0.004973426074761334,-0.005215827962190033,-0.9783390150062908,-0.002138895928689659,0.003710977499785623,-0.000986702948851914,0.006736283233089265,0.006048645860878829,0.003574113410559606,-0.0018078070792122095,-0.004160697888962059,0.007319998549280367,0.011382780886377968,-0.003412263972340484,-0.00042935984118696956,-0.7088758941214551,-0.7180404054432632,1.0,0.003536461714943836,-0.001281318816570389,-0.001526745282911854,0.006730850573429366,-0.008752278781318462,-0.005379170741550593,-0.003218297062462906,-0.0025402296035989314,0.999999989155652,0.9999999879625452,-0.0005211169272635802,0.001499522333401037,0.15337820650116868,0.6835439968062058,-0.03532481117128467
Muon_charge_st,0.006889692709912434,-0.007013813683768118,0.007274221723547199,-0.005044088099383257,0.004120240323241105,0.008450281187039825,-0.002685551066059266,0.010863009128500663,-0.002169716231158257,-0.004689674516605991,-0.0040483575727386575,-0.003123187450347337,0.00027008704293693094,-0.0003478111594145865,-0.00038121135172848646,-0.0007341531719879401,-0.0029334303922332176,-0.005231681060255993,0.0009702193231715004,0.0017296428693787636,0.0005823289585265953,-1.695014746351379e-05,0.001716595143690966,0.00016314406192664921,-0.0011676775065238736,-0.0015188407369349604,0.003536461714943836,1.0,-0.9109103064768436,-0.004575693915560549,-0.004458223674082546,0.00019246453535544055,0.005368567866527107,-0.012100013230343928,-0.005907816920397458,0.0035375144191442634,0.003535888340588469,0.0027743091595566565,-0.006506977795873877,0.004003530355024038,0.01192621196824288,0.007675949241090464
Muon_charge_nd,-0.007643305835406909,0.004448045896821866,-0.006141435670342248,0.005242274065340507,-0.003178985140349686,-0.008272813994699561,0.0023265198441195815,-0.011453299079366113,0.002700307476386887,0.001870225459672851,0.007176245142092331,0.001582782681284146,0.0005931144464930299,-0.002090802506528778,0.0004263462722073805,-0.0018439617777124418,0.002302781684465994,0.003914170631795766,-0.0005041776958322559,-0.001061693592024121,0.001142013521618236,-0.0004914185722679274,-0.00016656389584366178,-0.0009769505494625053,-0.0006254656624227309,0.0007615588113176947,-0.001281318816570389,-0.9109103064768436,1.0,-0.013828589374786492,-0.012520913766689583,-0.0014093201497636734,0.0037489451712169977,0.008878378585241197,0.006341404164663649,-0.001281968358097743,-0.0012810268825701964,-0.0012418205604155085,0.007614609588059651,-0.0005656382523602725,-0.011215143981615982,-0.006380623762150121
Muon_dxy_st,0.0019566604641608424,0.005738316103064163,-0.018385303530887062,0.024472073361521414,-0.00905068186386509,0.0022810249345739967,-0.001867033914071971,0.002565221944159324,0.006434589051722416,0.00381712567794933,-0.001550676126492842,0.002825684580991441,0.002134345650473529,-0.002360116261334908,-0.0001676269985358775,-0.00014850787443449867,0.0016357777744349824,-0.0008615913076568521,0.0007310013958082343,-0.002627239282273395,-4.042129384185035e-05,1.9265528288615666e-05,-0.0037833504349714373,-0.0012826345985893755,0.001947514328288877,0.002516492355696178,-0.001526745282911854,-0.004575693915560549,-0.013828589374786492,1.0,0.004027650414430953,-0.11703820256549159,-0.0054024409242121405,-0.003965485944780885,0.0075073016571051854,-0.001531082408070705,-0.0015259891531772469,0.000880111531515649,-0.002470628702022766,0.0022776438798897494,0.012367785340064344,0.005778574017461454
Muon_dxy_nd,-0.0015421832611818688,-0.0037373836892279876,0.008913224828077904,0.00020806764341229592,0.01267684446624687,-0.002296318228914326,0.0028725698084192553,-0.00189548065807257,0.002937586523223518,-0.0029015181121812934,-0.0010055271488354286,-0.006342212312944027,0.00036528551503889486,0.0007573825248132334,1.0226592108224003e-05,1.830891335157725e-05,0.0004957079988095047,0.0005930541348104891,-0.0035607462419949593,-0.002580730699951899,-0.0012881569243693217,0.0028796141115094917,0.0013658777930891778,-0.0009734486798158795,-0.002733613704906477,-0.005778969365879839,0.006730850573429366,-0.004458223674082546,-0.012520913766689583,0.004027650414430953,1.0,0.00122791531262389,-0.11097269789633174,-0.00033238583873363396,-0.013916875759278738,0.006728767393842481,0.006728760585281613,0.004254818004577119,0.012632361416459443,0.01624602769627104,-0.0023327549059731687,-0.004021461531392988
Muon_dz_st,0.011680755861423095,-0.0011157421192104818,0.008964431618833346,-0.006348865652321417,0.009133966483440083,0.0060185961294742995,-0.0012723763785817044,0.0036639133818457013,0.0033988464554549048,-0.009429192469400908,-0.036413945618339175,0.00569009003751008,0.0018875188113562,-7.173145601186197e-05,0.00022242872814465914,0.0005059414673111362,0.0008521801260614516,0.0005865220423347128,8.277934486918474e-05,0.004545541143199395,-0.0013496606076215149,-5.738023684729042e-05,0.0014006720543288578,0.003049378291585297,0.004506897388551481,0.003135105993125115,-0.008752278781318462,0.00019246453535544055,-0.0014093201497636734,-0.11703820256549159,0.00122791531262389,1.0,0.24296388287461215,0.028822431220056604,0.027259790603302466,-0.008743967643538644,-0.008746322758084592,-0.0077802426647379935,-0.009686388398062773,-0.0679077243243792,-0.014525413984087245,0.010849305960362033
Muon_dz_nd,0.002081908143466096,-0.010148741648587672,0.00883986310713725,-0.0004955785687778626,0.011085831959987125,0.0011890407969138202,-0.0011466299832484659,0.003469184855363489,-0.00915889692430131,-0.0003441360765760502,-0.04941940341597723,-0.0006535379581180572,0.0015156689457706085,-0.0032474161076718067,-0.00018978334581964658,-0.0035666567973856524,0.0008939751339466997,-0.00016403266887115453,0.0002584796533231803,-0.0016904866771823895,0.0028052726861164745,0.0007932025015909976,0.005890902692441521,-0.004482217275207444,-0.0007148647465387247,0.0007795069230943367,-0.005379170741550593,0.005368567866527107,0.0037489451712169977,-0.0054024409242121405,-0.11097269789633174,0.24296388287461215,1.0,0.020439086474107998,0.027743545565563653,-0.0053788344259749505,-0.005374635028265834,0.001260089100435945,-0.007403487353419006,-0.2561697839506273,-0.003891091967653048,0.004269065152517812
Muon_eta_st,-0.0026258593032392674,-0.002711929386240162,-0.0036467962602243866,0.0019000748027603032,-0.004258012082195746,-0.005816234641393231,0.014599790701492258,-0.006238639725804359,0.0013894888152117678,0.0017437233240225301,-0.0009240433180788255,0.0006988561817729249,-0.00045072413495830517,-0.0004829418258079784,0.0008323723994018137,-0.003210566375145221,-0.0008126583713727096,0.0012402373370478514,0.0038692499792307303,0.001836871533623468,3.7753463932097473e-05,0.00037746700923731543,-0.0018861488638784788,-0.0004357032297988029,0.0018208871499027716,0.001540163803767403,-0.003218297062462906,-0.012100013230343928,0.008878378585241197,-0.003965485944780885,-0.00033238583873363396,0.028822431220056604,0.020439086474107998,1.0,0.5769449883340612,-0.0032195634561554562,-0.003218187643174967,0.0005554502768133504,0.0015362121998040142,-0.013852115524024147,-0.003944936757280984,-0.00038227485214718663
Muon_eta_nd,-0.0029216475367048003,0.00024267902727175228,0.004544300644049106,0.0011583443850633807,0.005452168324436806,-0.00906157293167451,0.009103430336516316,-0.008169049703066688,-0.002936969098827941,0.004218219677137499,-0.003018731804006611,-7.073653228715508e-05,-0.0015290353016836468,0.0020933676960142957,0.00038415818254784485,0.004513652575251442,-0.001276777433447667,0.0025066011639428066,0.003911934663652552,0.0038260724573540026,0.0007027537240242003,0.001895633012841879,-0.0007542809640454271,-0.00018376131010294398,0.0011225787476592008,0.0007415198941874633,-0.0025402296035989314,-0.005907816920397458,0.006341404164663649,0.0075073016571051854,-0.013916875759278738,0.027259790603302466,0.027743545565563653,0.5769449883340612,1.0,-0.002540694374467662,-0.0025393842871639493,-0.0030831260645509838,0.0029394161805633636,-0.010876758783754981,-0.001814876405536891,-0.0025758123998001156
Muon_mass_st,-0.0434175252792546,-1.9323713318029736e-05,-0.01488627431580773,-0.00882490720601975,-0.0138221885507939,-0.015979626467289447,-0.005799337434316983,0.09408395855061225,0.00043695955878008405,0.0049721658792978825,-0.005215150745873811,-0.9783451641384626,-0.002138938553390959,0.0037105778743271598,-0.0009866638628678976,0.006736008323893544,0.006048750432958451,0.0035743082097879427,-0.0018079685180625634,-0.004160479325591364,0.007320369899056376,0.011382266006515677,-0.0034120183255118785,-0.00042907094576663643,-0.7088812223795345,-0.718044836941684,0.999999989155652,0.0035375144191442634,-0.001281968358097743,-0.001531082408070705,0.006728767393842481,-0.008743967643538644,-0.0053788344259749505,-0.0032195634561554562,-0.002540694374467662,1.0,0.9999999810724365,-0.000522363082680844,0.0014979384023815813,0.1533674148498513,0.6835527161845681,-0.03532595754838655
Muon_mass_nd,-0.04341763355334696,-1.9359208273854938e-05,-0.014886863016329853,-0.008825033561042918,-0.013823056249884981,-0.015979273687529973,-0.005798728247756738,0.09408404876481848,0.00043674901558453524,0.0049730494664208475,-0.005216079414195543,-0.9783430452081581,-0.0021390060900687616,0.00371084742864611,-0.0009868315215550614,0.006736287594392401,0.006048586927398044,0.003574190893648648,-0.0018081837650260912,-0.004161242623727521,0.007320139676876265,0.0113825318265078,-0.0034117418463992678,-0.00042946689198540626,-0.7088791622366702,-0.7180430617201763,0.9999999879625452,0.003535888340588469,-0.0012810268825701964,-0.0015259891531772469,0.006728760585281613,-0.008746322758084592,-0.005374635028265834,-0.003218187643174967,-0.0025393842871639493,0.9999999810724365,1.0,-0.0005206213200043378,0.00149939092930994,0.1533761904920639,0.683559661439199,-0.035323774721008734
Muon_phi_st,0.0013350724311837956,-0.20472891004476537,-0.00018607949701626806,-0.012351024763998976,1.4109368470179478e-05,0.0006446707144647412,0.002198398301438703,-0.002681947461012102,0.003270533205056693,-0.0016741036257229142,0.007326204711552485,0.000468456408746481,0.0005063241257316533,-0.0018159986300191938,-0.00033009401705969205,-0.004141099222280795,-0.0020688322394646973,-0.001650007025645285,-0.00020830828807693854,0.0008698859237673938,0.0005875840647587233,9.887641403092792e-05,-2.7485574688560312e-05,-0.0011152224006616505,0.00035137452408472495,0.0007135085168348259,-0.0005211169272635802,0.0027743091595566565,-0.0012418205604155085,0.000880111531515649,0.004254818004577119,-0.0077802426647379935,0.001260089100435945,0.0005554502768133504,-0.0030831260645509838,-0.000522363082680844,-0.0005206213200043378,1.0,-0.13264558412223484,0.008598219863430168,0.0011161302354345465,0.001829004063208169
Muon_phi_nd,0.003887216486002316,-0.035056202682486236,0.003920950481325637,-0.002721421685225652,0.0063013057267104515,-0.0015573928621393268,-0.009525502910028322,0.0014630459409906936,0.00297741673203876,0.0006337154408105114,-0.004987538421029697,0.002516174702003091,-0.0003722887278399121,-0.00011645602254766737,0.001519281290348948,0.0026054359754090176,-0.0021785947299225467,-0.0005876495507205934,0.001216859789543697,-7.708902341039964e-05,-0.0007128189515434089,0.0005381978561399172,-0.0007359605341050264,-0.001559331427833315,0.0012346595481175925,0.000361517180972065,0.001499522333401037,-0.006506977795873877,0.007614609588059651,-0.002470628702022766,0.012632361416459443,-0.009686388398062773,-0.007403487353419006,0.0015362121998040142,0.0029394161805633636,0.0014979384023815813,0.00149939092930994,-0.13264558412223484,1.0,-0.002679573860975193,0.00605893713553686,0.005846211132293055
Muon_pt_st,0.05355709628137365,0.004708555713848882,0.0023303287595259126,-0.00046179149081218367,0.0015859622026513484,0.05359410024380401,-0.0009065876114952762,0.10792867650398617,-0.0003129282913127773,0.0006722797304934559,0.003198363162263087,-0.14381852028439246,-0.004860421960866854,0.0050183578211953515,-0.0001455806688898421,0.0013200337362263023,0.0004505424479824828,0.0001327411532758584,0.001236980235384401,0.0025152454686849413,-6.651777778219686e-05,0.004401419242778623,-0.007048093801523126,-0.0014095762642843696,-0.1048683311890328,-0.10534622200524767,0.15337820650116868,0.004003530355024038,-0.0005656382523602725,0.0022776438798897494,0.01624602769627104,-0.0679077243243792,-0.2561697839506273,-0.013852115524024147,-0.010876758783754981,0.1533674148498513,0.1533761904920639,0.008598219863430168,-0.002679573860975193,1.0,0.1700862896347753,0.06045302796924768
Muon_pt_nd,0.12000748626868915,-0.0031648304422012643,-0.019772589142509546,-0.004987011168761309,-0.014769631709793979,0.10554128560676602,0.001620441061267743,0.30578665669411287,-0.00311511108430962,0.0014734799704323204,-0.00250295217977976,-0.6740921405863222,-0.0010359648328373665,0.0018954702955827003,0.0004997204988202845,0.007512966920626376,0.004818293779132444,0.0038571917321133633,-0.0022113813734571932,-0.001939117202802352,0.006360141991146239,0.00740965915146766,-0.0011612281106544175,-0.0009949439146561263,-0.48913218730825836,-0.49499178068682964,0.6835439968062058,0.01192621196824288,-0.011215143981615982,0.012367785340064344,-0.0023327549059731687,-0.014525413984087245,-0.003891091967653048,-0.003944936757280984,-0.001814876405536891,0.6835527161845681,0.683559661439199,0.0011161302354345465,0.00605893713553686,0.1700862896347753,1.0,0.14406069338741465
GenMET_pt,0.9269215769617566,-0.005568357259339739,0.07364920894817573,-0.01291864179229041,0.07595934914303677,0.6829586707795895,0.00479879269151102,0.6027689021369749,0.0004769349550349791,-0.005168421836373431,-0.004974501643366555,0.04828656646904329,0.001705974518568295,0.0021988791589808198,0.0008977546638324167,0.002917105555715841,0.005778667079392856,-0.0008044905262171473,-0.00389443665362603,0.00061154492603767,-0.009327961670716554,-0.008625884101966711,0.0037878438635542103,0.001153323511993865,0.3317211792854134,0.15481734208581405,-0.03532481117128467,0.007675949241090464,-0.006380623762150121,0.005778574017461454,-0.004021461531392988,0.010849305960362033,0.004269065152517812,-0.00038227485214718663,-0.0025758123998001156,-0.03532595754838655,-0.035323774721008734,0.001829004063208169,0.005846211132293055,0.06045302796924768,0.14406069338741465,1.0
